{
  "random": {
    "fire_rates": {
      "exception_N2123": 0.6455528846153846,
      "consensus_mean": 0.7165378891941392,
      "core_mean": 0.7018509615384615
    },
    "core_jaccard_mean": 0.5288796713909827,
    "core_jaccard_min": 0.4513057545643633,
    "exc_by_consensus": {
      "0": 0.5,
      "1": 0.6292134831460674,
      "2": 0.6343949044585987,
      "3": 0.6460383221128949,
      "4": 0.6399629972247919,
      "5": 0.6472116488429702,
      "6": 0.6477255998822317,
      "7": 0.6484762579730687
    },
    "enrichment": {
      "n_enriched_1.5x": 1,
      "n_enriched_2x": 0,
      "max_enrichment": 1.5490597654068143
    }
  },
  "trained": {
    "fire_rates": {
      "exception_N2123": 0.6878205128205128,
      "consensus_mean": 0.8572859432234432,
      "core_mean": 0.9297315705128204
    },
    "core_jaccard_mean": 0.8615475201641235,
    "core_jaccard_min": 0.6783142224904446,
    "exc_by_consensus": {
      "0": 0.9772727272727273,
      "1": 0.9779005524861878,
      "2": 0.9356435643564357,
      "3": 0.8188751191611058,
      "4": 0.7454294584339427,
      "5": 0.7026112185686654,
      "6": 0.6931664610141607,
      "7": 0.6537502493516856
    },
    "enrichment": {
      "n_enriched_1.5x": 0,
      "n_enriched_2x": 0,
      "max_enrichment": 1.4538676607642125
    }
  }
}