{
  "total_tokens": 204800,
  "n_bootstrap": 10000,
  "ci_level": 0.95,
  "results": {
    "0/7": {
      "n": 206,
      "mean": 0.18667,
      "ci_lo": 0.14452,
      "ci_hi": 0.2306,
      "significant": true
    },
    "1/7": {
      "n": 913,
      "mean": 0.09366,
      "ci_lo": 0.07877,
      "ci_hi": 0.10886,
      "significant": true
    },
    "2/7": {
      "n": 3051,
      "mean": 0.04464,
      "ci_lo": 0.03884,
      "ci_hi": 0.05063,
      "significant": true
    },
    "3/7": {
      "n": 6283,
      "mean": 0.0297,
      "ci_lo": 0.02609,
      "ci_hi": 0.03334,
      "significant": true
    },
    "4/7": {
      "n": 12617,
      "mean": 0.01383,
      "ci_lo": 0.01121,
      "ci_hi": 0.01637,
      "significant": true
    },
    "5/7": {
      "n": 34155,
      "mean": -0.00439,
      "ci_lo": -0.00578,
      "ci_hi": -0.00302,
      "significant": true
    },
    "6/7": {
      "n": 69625,
      "mean": -0.01444,
      "ci_lo": -0.01528,
      "ci_hi": -0.01359,
      "significant": true
    },
    "7/7": {
      "n": 77950,
      "mean": -0.02013,
      "ci_lo": -0.02086,
      "ci_hi": -0.01939,
      "significant": true
    }
  }
}