{
  "total_tokens": 204600,
  "logit_top1_pct": [
    0.6832844574780059,
    3.0,
    3.921309872922776,
    3.9477028347996086,
    5.042521994134897,
    5.874389051808407,
    8.609481915933529,
    10.764418377321604,
    17.028836754643205,
    22.728739002932553,
    29.521994134897362,
    34.42766373411535,
    39.044477028348
  ],
  "tuned_top1_pct": [
    3.5097751710654936,
    8.970185728250245,
    9.683284457478006,
    10.675464320625611,
    11.658846529814273,
    12.56353861192571,
    16.241935483870968,
    19.010263929618766,
    24.602150537634408,
    29.6603128054741,
    34.87438905180841,
    37.28836754643206,
    39.044477028348
  ],
  "logit_lockin_pct": [
    0.6832844574780059,
    2.994134897360704,
    1.2272727272727273,
    0.9389051808406648,
    1.3753665689149561,
    1.26930596285435,
    2.6725317693059627,
    2.7365591397849465,
    6.350439882697947,
    7.104594330400782,
    7.439882697947215,
    5.734604105571847,
    6.0039100684261975
  ],
  "tuned_lockin_pct": [
    3.5097751710654936,
    6.236070381231672,
    1.2023460410557185,
    1.3885630498533725,
    1.4051808406647115,
    1.3279569892473118,
    4.028836754643207,
    3.3621700879765397,
    5.874877810361681,
    5.955034213098729,
    5.949657869012707,
    3.739491691104594,
    2.9819159335288368
  ],
  "logit_never_pct": 53.469208211143695,
  "tuned_never_pct": 53.038123167155426,
  "scaffold_gain_logit": 1.1218963831867057,
  "scaffold_gain_tuned": 1.4543499511241447,
  "decision_gain_logit": 5.982160312805474,
  "decision_gain_tuned": 5.3250244379276666,
  "arc_holds": true,
  "early_boost_pp": 6.269061583577714,
  "late_boost_pp": 4.543597262952108
}